<?xml version="1.0" encoding="UTF-8"?>

<mule xmlns:metadata="http://www.mulesoft.org/schema/mule/metadata" xmlns:http="http://www.mulesoft.org/schema/mule/http" xmlns:jms="http://www.mulesoft.org/schema/mule/jms" xmlns="http://www.mulesoft.org/schema/mule/core" xmlns:doc="http://www.mulesoft.org/schema/mule/documentation"
	xmlns:spring="http://www.springframework.org/schema/beans" 
	xmlns:xsi="http://www.w3.org/2001/XMLSchema-instance"
	xsi:schemaLocation="http://www.springframework.org/schema/beans http://www.springframework.org/schema/beans/spring-beans-current.xsd
http://www.mulesoft.org/schema/mule/core http://www.mulesoft.org/schema/mule/core/current/mule.xsd
http://www.mulesoft.org/schema/mule/jms http://www.mulesoft.org/schema/mule/jms/current/mule-jms.xsd
http://www.mulesoft.org/schema/mule/http http://www.mulesoft.org/schema/mule/http/current/mule-http.xsd">
  	<http:listener-config name="HTTP_Listener_Configuration2" host="0.0.0.0" port="7532" doc:name="HTTP Listener Configuration"/>
    <jms:activemq-connector name="Active_MQ" username="admin" password="admin" brokerURL="tcp://localhost:61616" validateConnections="true" doc:name="Active MQ"/>
    <http:request-config name="HTTP_Request_Configuration" host="localhost" port="8084" doc:name="HTTP Request Configuration"/>
    <flow name="jmsdemoFlow">
        <jms:inbound-endpoint queue="hiiworld" connector-ref="Active_MQ" doc:name="JMS"/>
        <set-payload value="#[payload+'hahahaha']" doc:name="Set Payload"/>
        <http:request config-ref="HTTP_Request_Configuration" path="/get" method="GET" doc:name="HTTP"/>
    </flow>
</mule>
